model,MAE,RMSE,R2,MAPE_%
XGBoost,0.3200741009766568,0.6162260217648796,0.8414614823226518,1.3405400235960991
LightGBM,0.34532550018690006,0.6399549101583045,0.8290167856223972,1.4446422538931465
Stacked,0.3412244299646259,0.6317488378728245,0.8333736698068046,1.430183993535587
