model,MAE,RMSE,R2,MAPE_%
XGBoost,39.49455631395793,74.6486261019379,0.9309903356045666,13345.135314106412
LightGBM,37.16662375869951,74.42841940291592,0.9313968796282283,3500.389464261039
Stacked,37.63076804099268,74.74513315798035,0.930811786448934,14020.47584229051
