model,MAE,RMSE,R2,MAPE_%
XGBoost,48.39236033739166,87.3186104587515,0.9027551703617641,11515.149517877018
LightGBM,47.106132886006506,87.4488815515247,0.9024647937736205,2575.0861084048765
Stacked,46.01603347490737,85.57806331206696,0.9065933501826865,7527.949357809962
