model,MAE,RMSE,R2,MAPE_%
XGBoost,0.005373289639666034,0.00678569520964932,0.3881114987300658,31.157453095377225
LightGBM,0.005384858001117894,0.006924827688288269,0.3627621891635968,32.372863520918216
Stacked,0.005494408762790383,0.007002090992061987,0.34846298362375505,32.10419680528579
