model,MAE,RMSE,R2,MAPE_%
XGBoost,0.005270687753004832,0.006626468999129751,0.4162433564066226,30.69396121786767
LightGBM,0.005259096577727841,0.006712331611574637,0.40101726705632235,31.734770579401534
Stacked,0.005416134245287331,0.006847092216202615,0.3767247966850097,31.560631588905213
