model,MAE,RMSE,R2,MAPE_%
XGBoost,0.4914768584610017,0.6863660386717453,0.3713562811627843,201.7277131061328
LightGBM,0.47033106909210504,0.7058399563508763,0.33517784111177007,161.47215158292215
Stacked,0.5077688371747267,0.7362759490107086,0.27660711001555505,177.6184746649928
