model,MAE,RMSE,R2,MAPE_%
XGBoost,0.9164713687297347,1.1376513629263498,0.2502844396168111,250.78732877014173
LightGBM,0.8811333431842533,1.1066244907337404,0.29062039755468694,231.57578216883232
Stacked,0.8070110542499703,1.0512800862707894,0.3598009612783126,187.14242642726458
